asdf_id,worldbank_geocodedresearchrelease_level1_v1_4_2.fa137b9.sum,v4composites_calibrated_201709.2009.count,v4composites_calibrated_201709.2009.mean,udel_precip_mean.2009.mean,ucdp_deaths_171.2009.sum,ltdr_avhrr_ndvi_v4_yearly.2009.mean,gpw_v4_density.2010.count,gpw_v4_density.2010.mean,gpw_v4_density.2010.max,gpw_v4_density.2010.min,esa_landcover_v207.2010.categorical_count,esa_landcover_v207.2010.categorical_mosaic_cropland,esa_landcover_v207.2010.categorical_rainfed_cropland,esa_landcover_v207.2010.categorical_shrubland,esa_landcover_v207.2010.categorical_urban,esa_landcover_v207.2010.categorical_water_bodies,esa_landcover_v207.2010.categorical_forest,esa_landcover_v207.2010.categorical_no_data,esa_landcover_v207.2010.categorical_bare_areas,esa_landcover_v207.2010.categorical_sparse_vegetation,esa_landcover_v207.2010.categorical_grassland,esa_landcover_v207.2010.categorical_wetland,esa_landcover_v207.2010.categorical_irrigated_cropland,esa_landcover_v207.2010.categorical_snow_ice,distance_to_coast_236.none.max,distance_to_coast_236.none.count,distance_to_coast_236.none.mean,distance_to_coast_236.none.min,dist_to_water.none.mean,dist_to_water.none.max,dist_to_water.none.min,dist_to_groads.none.mean,dist_to_groads.none.max,dist_to_groads.none.min,dist_to_gadm28_borders.none.mean,dist_to_gadm28_borders.none.max,dist_to_gadm28_borders.none.min,africa_child_mortality.2000.mean,acled_v3_count.none.sum,acled_v3_count.none.mean,acled_v3_count.none.count,access_50k.none.mean,access_50k.none.max,access_50k.none.min,NAME_2,NAME_0,NAME_1,VARNAME_2,TYPE_2,Shape_Area,ENGTYPE_2,Shape_Length,HASC_2,ID_2,CCA_2,ID_0,ID_1,ISO,CCN_2,NL_NAME_2
0,22770586.1831,730.290039062,3.38954137144,116.51190819990012,0.0,6292.35743305,730.300048828,248.381430643,331.483062744,85.3483657837,6495,343,4864,16,484,2,786,0,0,0,0,0,0,0,139194.003337,508.520019531,125058.541151,101353.624742,113878.482665,129060.656253,94561.4798014,2409.20745826,7984.9405273,0.0,123450.022199,137778.057545,99858.946644,25.7828884004607,0.289999991655,0.0655007300859,5.80000019073,142.452305118,499.0,0.0,Adansi North,Ghana,Ashanti,,District,0.050062,District,1.227048,,1,,87,1,GHA,,
1,41214020.6279,1668.33984375,0.0807521681597,118.58030231593297,0.0,6283.46142906,1668.33984375,96.1554564862,329.2003479,85.3483657837,14906,495,11681,2,82,0,2646,0,0,0,0,0,0,0,131914.930282,1160.57006836,105832.315263,79554.0688949,99889.9455693,122276.944819,79554.0688949,3378.30544856,11280.076827,0.0,104428.578161,130542.331945,78192.9005241,24.91577204067057,0.0,0.0,12.5399999619,200.971918574,505.0,72.0,Adansi South,Ghana,Ashanti,,District,0.115009,District,1.593533,,2,,87,1,GHA,,
2,17676130.6012,795.309936523,1.16633244845,114.23443965865089,0.0,6172.69854859,795.299987793,327.306220019,440.627655029,64.7862854004,7079,281,6662,1,95,0,40,0,0,0,0,0,0,0,228703.382531,553.359985352,207120.608838,190338.05201,94823.1650193,108976.30018,77312.0111623,5091.29120508,12896.3425613,0.0,156627.694627,174597.79384,143272.6283,20.215586243718104,2.05000004172,0.359097011576,6.21000003815,149.168712856,304.0,20.0,Afigya Sekyere,Ghana,Ashanti,Afigya Kwabre,District,0.054665,District,1.092964,GH.AH.AF,3,,87,1,GHA,,
3,14809241.8448,869.000061035,0.340125917599,108.17130414559105,0.0,6466.03319988,869.010009766,138.747687508,164.304336548,67.5409011841,7745,247,7128,31,43,0,296,0,0,0,0,0,0,0,235967.521825,604.58996582,218457.847428,195819.483102,136125.415419,151482.08807,120700.937995,2925.11941845,8659.43229538,0.0,90616.7566538,106185.133049,74908.6931525,12.49636250249602,0.0,0.0,6.69999980927,188.880034646,425.0,74.0,Ahafo Ano North,Ghana,Ashanti,,District,0.0597,District,1.254132,GH.AH.AN,4,,87,1,GHA,,
4,23534003.05,1433.61999512,0.0520467823676,112.49386889517177,0.0,6471.64515391,1433.61999512,103.176280367,191.693267822,55.1360321045,12775,936,9852,7,31,0,1949,0,0,0,0,0,0,0,236314.971263,997.120056152,214232.080759,193450.269262,132354.456181,155688.51399,111665.791462,2401.37604653,9886.06088655,0.0,116035.268219,138084.776095,98069.5422394,8.665572753111796,0.0,0.0,10.8699998856,168.301551734,542.0,38.0,Ahafo Ano South,Ghana,Ashanti,,District,0.098779,District,1.487726,GH.AH.AS,5,,87,1,GHA,,
5,46188803.8495,1401.65991211,1.35778093286,114.94416284759951,0.0,6290.37983084,1401.64990234,147.696209292,331.483062744,88.480178833,12493,252,10600,9,196,12,1424,0,0,0,0,0,0,0,161791.631138,974.840026855,136996.877869,114071.581001,122438.511731,143733.489865,97943.3038066,3390.19742844,11432.8634914,0.0,130257.018751,159913.337709,102089.937099,27.275880331391964,3.65000003576,0.349432047456,10.7000007629,179.580261609,605.0,41.0,Amansie Central,Ghana,Ashanti,,District,0.096501,District,1.579609,,6,,87,1,GHA,,
6,15831525.6642,888.619995117,0.350190080317,121.60607375243566,0.0,6207.09885878,873.489990234,134.803345358,331.483062744,85.3483657837,7914,347,6409,0,50,197,911,0,0,0,0,0,0,0,157095.383721,618.270019531,132728.755833,103129.105539,89266.7910434,104987.315663,76136.2859681,1777.14788557,6633.73424899,0.0,131390.409366,155691.681194,101828.071973,21.132177181053564,0.0,0.0,6.96999979019,129.63535341,364.0,47.0,Amansie East,Ghana,Ashanti,,District,0.060975,District,1.351373,GH.AH.AM,7,,87,1,GHA,,
7,31690143.7429,1504.67993164,0.0645623404924,117.60108160029316,0.0,6302.86924282,1504.68994141,112.915694908,331.483062744,69.2916030884,13423,317,11504,6,145,0,1451,0,0,0,0,0,0,0,179309.988148,1046.7800293,156162.297973,126527.009782,135871.081188,153628.122353,109042.443522,2461.40100078,8920.67766866,0.0,129559.544232,159777.404924,100788.586311,21.596861655276495,0.469999995083,0.055420646274,11.3699989319,165.516593998,423.0,40.0,Amansie West,Ghana,Ashanti,,District,0.10361,District,1.682476,GH.AH.AI,8,,87,1,GHA,,
8,28004536.1146,1683.29003906,0.508630282828,118.27659573869896,0.0,5978.97366451,1682.33007812,93.8981440187,279.026428223,22.1957550049,15034,2011,9924,1800,146,5,1148,0,0,0,0,0,0,0,186509.326722,1170.7800293,163816.131845,143413.78957,37610.193644,72315.0565715,4416.09409039,3499.01349938,14103.4028145,0.0,158455.51508,175353.831878,140475.171746,17.171771228735363,1.0,0.0782417427292,12.779999733,176.648986765,629.0,41.0,Asante Akim North,Ghana,Ashanti,,District,0.115966,District,1.706308,GH.AH.AR,9,,87,1,GHA,,
9,23987568.2899,1277.13000488,0.131478991815,120.65595043192249,0.0,6481.71002661,1277.13000488,101.667575105,207.638824463,86.0050354004,11385,1195,8850,4,71,0,1265,0,0,0,0,0,0,0,155947.128815,888.519958496,137671.728234,112272.480821,56834.5778966,85439.0370552,28360.4699961,2258.52406901,14103.4028145,0.0,136181.151666,154423.503167,110780.688537,19.12873672749791,0.0,0.0,9.73999977112,126.309622981,543.0,22.0,Asante Akim South,Ghana,Ashanti,,District,0.087908,District,1.461697,GH.AH.AU,10,,87,1,GHA,,
10,35014119.1577,2098.29003906,0.0792361355453,117.49619092203905,0.0,6391.41380188,2098.2800293,76.6813462147,191.693267822,67.5409011841,18748,703,12718,6,67,0,5254,0,0,0,0,0,0,0,201970.936006,1459.11999512,180182.270236,152844.97852,138690.187219,154530.628783,109277.616142,2373.83172464,8421.82085877,0.0,107704.604413,132192.126719,78074.4911821,13.89147268646337,0.540000021458,0.0431049661367,15.7800006866,185.962441737,563.0,59.0,Atwima Mponua,Ghana,Ashanti,,District,0.144659,District,1.993202,,11,,87,1,GHA,,
11,18313483.7597,905.419921875,3.33840623388,116.14166666666667,0.0,5797.69498948,905.429931641,291.540168763,8354.953125,69.2916030884,8072,156,7408,1,426,43,38,0,0,0,0,0,0,0,216227.694022,630.170043945,192127.85161,174435.375755,120093.543737,141683.200554,102901.393592,2310.19428386,10883.4037636,0.0,138423.896355,153361.866553,126108.312785,11.486312533561572,0.639999985695,0.180667334392,7.03000020981,101.27112288,445.0,13.0,Atwima,Ghana,Ashanti,,District,0.062151,District,1.370009,GH.AH.AT,12,,87,1,GHA,,
12,20251887.9977,799.859985352,3.99217327316,118.27019522745825,0.0,6126.22849762,773.099975586,399.933530581,8354.953125,85.3483657837,7113,66,6183,0,516,341,7,0,0,0,0,0,0,0,181047.244745,556.799987793,163764.857412,143491.175661,99080.6838405,124064.480227,74688.2463227,2937.5334447,7837.12745903,0.0,155677.65668,167034.116772,142203.464454,14.929860852781903,0.0,0.0,6.32999992371,95.8402694987,317.0,22.0,Bosomtwe-Kwanwoma,Ghana,Ashanti,,District,0.054898,District,1.269361,GH.AH.BK,13,,87,1,GHA,,
13,22861081.6993,729.210021973,2.33663613369,121.30726577906795,0.0,6350.05903546,729.200073242,247.024781079,4208.77539062,94.5444259644,6503,121,5629,4,213,0,536,0,0,0,0,0,0,0,186893.241368,507.649963379,167774.181625,139645.476153,75402.72126,90272.343243,61101.9465331,2584.54475346,7101.18200957,0.0,165721.884646,182207.425744,138375.313387,13.40432787666288,0.300000011921,0.0672487982898,5.65000009537,109.57935315,359.0,15.0,Ejisu-Juabeng,Ghana,Ashanti,Ejisu-Juaben|Ejusu/Juaben,District,0.050068,District,1.122366,GH.AH.EJ,14,,87,1,GHA,,
14,29204962.9068,1551.2800293,0.214016855666,113.65772841220138,0.0,5223.54107741,1551.26000977,69.7540013801,290.733795166,42.5310668945,13846,2867,5777,71,39,0,5092,0,0,0,0,0,0,0,263720.132761,1079.14990234,241475.665979,222218.872026,84661.7340174,110310.841265,46633.8662677,2697.37388803,9876.20261509,0.0,148286.0516,174356.704835,130914.98816,24.66886701104499,0.0,0.0,11.8000001907,194.379809324,556.0,76.0,Ejura Sekyedumase,Ghana,Ashanti,Ejura/Sekyedumasi|Ejura/Sekyeredumasi,District,0.106818,District,1.756831,GH.AH.ES,15,,87,1,GHA,,
15,102449108.3,328.5,38.7409015227,116.73148148148148,0.0,4872.36998539,328.5,6628.08226461,8354.953125,191.693267822,2911,39,764,10,2061,6,11,0,0,0,20,0,0,0,187156.32114,228.729995728,176740.337775,167192.025696,98981.1888154,109997.540545,87353.1262254,1491.57087785,5633.28674592,0.0,160810.282408,171773.310877,147926.121135,16.40990948852466,16.4000002444,6.48836868888,2.70000004768,18.7946796492,121.0,2.0,Kumasi,Ghana,Ashanti,Kumasi Metropolitan Assembly,Metropolitan District,0.022498,Metropolitan District,0.604711,GH.AH.KM,16,,87,1,GHA,,
16,9841526.91709,347.739990234,9.63431859843,117.99958338277105,0.0,5689.78298086,347.75,400.634185898,7516.59472656,114.407997131,3091,18,2616,2,455,0,0,0,0,0,0,0,0,0,195134.119488,242.050003052,187425.728792,178481.935329,91581.2836265,106016.215041,77281.6397767,2154.56875307,6623.86316709,0.0,162616.830126,175124.570568,148783.37531,17.359956108384196,4.33000004292,2.03998330274,2.76999998093,56.4579438237,264.0,0.0,Kwabre,Ghana,Ashanti,Kwabere|Kwabre-Sekyere,District,0.023815,District,0.664169,GH.AH.KB,17,,87,1,GHA,,
17,14928452.0362,524.66003418,0.403666835519,114.4584797082569,0.0,6295.56272227,524.66003418,219.81071748,236.575531006,87.719078064,4670,511,2647,5,43,0,1464,0,0,0,0,0,0,0,121595.089789,365.190002441,107473.992605,94666.922525,107474.075271,121595.089789,94666.922525,4878.26524939,11603.6512252,0.0,105251.382293,119045.154893,93018.6689279,21.817810425006257,0.0,0.0,4.11000013351,205.640155509,491.0,98.0,Obuasi Municipal,Ghana,Ashanti,,District,0.036013,District,0.783697,,18,,87,1,GHA,,
18,34050888.7696,1880.60998535,0.508146781978,107.31380443152466,0.0,5912.54464679,1880.61999512,92.8640016636,440.627655029,55.1360321045,16776,3641,12354,8,104,0,669,0,0,0,0,0,0,0,277109.531443,1308.01000977,242840.612884,198914.952337,99726.3101005,122563.550744,75644.6441586,2383.58302244,10883.4037636,0.0,120632.851052,150758.220995,84107.5722153,14.947189138485342,0.270000010729,0.0225775675565,14.1799993515,136.234051843,460.0,29.0,Offinso,Ghana,Ashanti,,District,0.129579,District,2.018923,GH.AH.OF,19,,87,1,GHA,,
19,83916430.4083,4966.26953125,0.129401612313,117.10457530203858,0.0,5681.09763488,4964.08984375,32.4855437723,114.407997131,17.5182285309,44431,2277,9239,3137,99,0,29679,0,0,0,0,0,0,0,226454.744867,3452.68017578,188030.147018,158192.145689,33872.5295063,81701.1509701,1102.34752055,5408.83478352,19190.8532974,0.0,141931.835559,189765.824737,85863.3158216,22.385985297261772,0.639999985695,0.0194345163936,36.5499992371,292.716929495,775.0,30.0,Sekyere East,Ghana,Ashanti,,District,0.342961,District,3.499392,GH.AH.SE,20,,87,1,GHA,,
20,57468635.0098,3194.09008789,0.240524577224,116.5400595240176,0.0,5788.96414178,3194.10009766,60.2956954095,258.244018555,22.1957550049,28592,4629,9192,1068,77,0,13626,0,0,0,0,0,0,0,240356.724926,2220.37988281,214703.833294,187988.622475,60895.3142437,96075.2575067,17445.7883214,3812.46670994,13279.7892306,0.0,171264.245622,191333.488833,146632.39241,23.1220208233401,1.37000001408,0.0612459287884,23.5200004578,243.000547426,790.0,40.0,Sekyere West,Ghana,Ashanti,,District,0.220624,District,2.171645,GH.AH.SW,21,,87,1,GHA,,
21,21133847.9135,1375.82995605,0.171653760199,105.525,0.0,6243.81021713,1375.83996582,77.4454033428,77.8111572266,67.5409011841,12310,384,6166,8,57,0,5695,0,0,0,0,0,0,0,218601.012573,957.010009766,198127.347442,175517.457568,98696.0229446,120004.604077,79959.313191,3145.51654203,8963.87304995,0.0,47157.0845589,63775.0869814,26116.5095635,17.63979068984891,0.0,0.0,10.1800003052,243.024882244,529.0,92.0,Asunafo North,Ghana,Brong Ahafo,,District,0.094977,District,1.175329,,22,,87,2,GHA,,
22,22585333.9314,1036.63000488,0.161110999776,110.43964282840629,0.0,6411.32254198,1036.64001465,108.605294268,145.907577515,67.5409011841,9246,78,8049,2,88,0,1029,0,0,0,0,0,0,0,201891.786498,720.989990234,179084.12428,157181.696105,109193.492812,123945.677434,85071.898387,2510.27693143,8905.68,0.0,73339.2682778,91657.4966015,48533.173897,18.301122918738674,0.0,0.0,7.90999984741,211.441197946,480.0,106.0,Asunafo South,Ghana,Brong Ahafo,,District,0.071302,District,1.280393,,23,,87,2,GHA,,
23,27476166.8341,1922.77990723,1.06521377675,103.07551243442224,0.0,6448.75762987,1922.77990723,76.4155551416,176.70085144,67.5409011841,17185,1774,11464,78,117,29,3721,0,0,0,2,0,0,0,241831.862898,1337.38000488,219564.771807,189465.675028,119058.749338,146729.441655,86792.4446798,2550.67287478,8000.53018698,0.0,61033.7231296,90971.3662897,27913.2096602,15.400385481353133,0.0,0.0,14.5599994659,161.02028162,415.0,35.0,Asutifi,Ghana,Brong Ahafo,,District,0.132524,District,1.93589,GH.BA.AT,24,,87,2,GHA,,
24,31021295.6816,1817.32995605,0.0891214341213,113.79036113328435,0.0,5103.16323169,1817.32995605,45.5407924098,64.7862854004,17.5182285309,16271,1268,1808,77,44,0,13073,0,0,0,1,0,0,0,271217.458104,1264.06005859,251318.212639,226454.744867,43741.7139188,71862.1694632,17777.6153182,3015.74224086,14622.3103573,0.0,161528.13933,174736.439199,145624.002415,24.096031056700557,0.0,0.0,13.6400003433,289.616990813,911.0,121.0,Atebubu-Amantin,Ghana,Brong Ahafo,,District,0.125298,District,1.834899,,25,,87,2,GHA,,
25,29277606.8398,1221.81005859,0.484570054465,92.48649602922866,0.0,6066.88399863,1221.80004883,135.012626709,147.138977051,26.0858688354,10906,1902,8715,69,185,0,35,0,0,0,0,0,0,0,295430.68357,850.41998291,273496.479972,253875.753128,86366.4671904,105236.776894,71477.8289361,2919.44140882,8818.98360983,0.0,34730.1358708,54315.0547658,9430.03513079,19.41561066807697,3.0,0.327203089797,9.17000007629,146.643565042,382.0,30.0,Berekum,Ghana,Brong Ahafo,,District,0.084193,District,1.281679,GH.BA.BE,26,,87,2,GHA,,
26,37632299.903,2674.66015625,0.22306521369,96.09412600392847,0.0,6236.90593957,2674.66992188,94.5870124651,176.70085144,45.6494979858,23911,1289,18424,12,218,0,3968,0,0,0,0,0,0,0,267955.25313,1859.14990234,236070.813147,197758.413679,79495.9602492,118139.295158,52054.0512731,2365.11655595,8457.70963999,0.0,19675.0968188,59944.8632197,0.0,16.19345435049957,0.0,0.0,19.9599990845,165.54335281,498.0,25.0,Dormaa,Ghana,Brong Ahafo,,District,0.184522,District,2.23564,GH.BA.DO,27,,87,2,GHA,,
27,18730266.9392,806.200012207,0.103262684769,86.96005545788628,0.0,5578.00773659,806.190002441,102.719762941,144.719787598,25.9925842285,7164,1586,647,189,62,0,4680,0,0,0,0,0,0,0,349475.996607,561.489990234,318177.651485,295199.858264,59670.7270994,79899.9213957,32573.2990977,3488.36747621,10194.1994957,0.0,9205.86165099,29422.6286338,0.0,24.341203929046838,0.0,0.0,6.26000022888,236.90860361,579.0,56.0,Jaman North,Ghana,Brong Ahafo,,District,0.055349,District,1.278907,,28,,87,2,GHA,,
28,15430111.2841,1072.35998535,0.143630147783,87.11291703111795,0.0,6019.12731913,1072.34997559,110.3174124,147.138977051,27.9483127594,9559,2577,5968,126,77,0,811,0,0,0,0,0,0,0,319881.086103,745.739990234,286879.898921,263406.710389,78201.0890845,90131.1242904,63088.6470369,2537.81837312,7713.0054996,0.0,10397.7789014,29186.2711284,0.0,19.039474823939745,1.0,0.120781376367,8.27999973297,180.105986737,481.0,48.0,Jaman South,Ghana,Brong Ahafo,,District,0.073729,District,1.386017,,29,,87,2,GHA,,
29,86233963.1688,5374.62011719,0.0511904226006,104.63675774291191,0.0,5032.23257895,5374.62011719,19.6804187225,47.3611335754,10.1748380661,48158,469,825,3305,43,29,43484,0,0,0,1,1,1,0,387397.833945,3735.16992188,350597.922717,303248.530306,14402.9738701,45966.7909806,0.0,9427.66553189,25603.83,0.0,104023.948455,150853.051339,61630.2011572,27.135888334153385,0.34999999404,0.0107850372545,38.9799995422,521.071294986,1316.0,142.0,Kintampo North,Ghana,Brong Ahafo,,District,0.371709,District,2.930943,,30,,87,2,GHA,,
30,52138592.8461,2444.60986328,0.0674488398185,107.82938228100129,0.0,5362.65173235,2444.60986328,45.4879577,75.7927703857,11.8960494995,21876,2181,1144,268,29,0,18254,0,0,0,0,0,0,0,348679.133474,1700.06994629,314537.985811,281938.783363,30505.6362293,62816.2273391,0.0,4071.88964117,15409.236147,0.0,86280.8313868,129030.604378,41685.2816413,22.775333790443156,0.649999976158,0.0383500164776,18.25,330.587782862,937.0,105.0,Kintampo South,Ghana,Brong Ahafo,,District,0.168661,District,2.118888,,31,,87,2,GHA,,
31,52825156.0978,2878.27001953,0.362061656562,110.41238463316965,0.0,5335.83714861,2878.2800293,69.0301073457,191.914413452,39.7978286743,25764,5233,4003,131,66,0,16331,0,0,0,0,0,0,0,297631.449396,2001.10986328,272011.728427,246676.539671,70757.7301143,98796.9281409,45666.4046283,3652.09150555,13903.9776874,0.0,121302.035802,157713.457455,88407.4946011,20.77835077877932,0.0,0.0,21.25,258.706850027,830.0,90.0,Nkoranza,Ghana,Brong Ahafo,,District,0.198756,District,2.133312,GH.BA.NK,32,,87,2,GHA,,
32,60499195.394,3970.6796875,0.0385155025118,106.88162712651247,0.0,4854.84220014,3923.41992188,36.7734800776,51.0756416321,17.5182285309,35537,1391,1375,982,42,759,30988,0,0,0,0,0,0,0,333695.985055,2760.16992188,293257.069347,265811.445632,33187.1670422,70249.6941826,0.0,4023.39919506,14827.5290913,0.0,144395.401676,169507.831447,118885.003182,24.590094145397085,2.55999994278,0.0980177315145,29.3699989319,356.01939852,880.0,170.0,Pru,Ghana,Brong Ahafo,,District,0.274144,District,3.045659,,33,,87,2,GHA,,
33,143595952.676,9665.23925781,0.00517228024079,112.98015874718506,0.0,4897.04032912,8912.15039062,19.6083400416,79.2770462036,17.5182285309,86742,1574,1689,3914,21,11167,68326,0,28,0,18,3,2,0,287762.638924,6716.45996094,223539.218437,155538.878126,7664.4721799,36963.2342024,0.0,8274.80748684,26599.3984418,0.0,99025.8921417,160746.63312,32626.2489987,25.737364275216787,1.0,0.0150371464076,69.1800003052,418.66352992,1084.0,154.0,Sene,Ghana,Brong Ahafo,,District,0.66927,District,3.708541,GH.BA.SE,34,,87,2,GHA,,
34,25403887.3568,1629.68005371,1.78795249688,94.0471147926472,0.0,6098.42554519,1629.68005371,129.48348108,176.70085144,26.0858688354,14548,1210,12647,7,464,0,220,0,0,0,0,0,0,0,294112.718073,1133.29003906,265113.112584,236212.62888,91448.5386556,119961.566129,61993.7305913,2401.77549842,7723.03230592,0.0,65550.4812923,88013.897122,46073.5174644,21.122617208099996,3.0,0.245118766745,12.2399997711,84.0976216302,323.0,0.0,Sunyani,Ghana,Brong Ahafo,,District,0.112371,District,1.532902,GH.BA.SY,35,,87,2,GHA,,
35,99212314.8482,6245.50976562,0.149614218265,95.01265988514709,0.0,5332.9350104,6186.12988281,40.9957212709,191.914413452,11.8960494995,55954,9627,8463,1846,130,20,35281,0,0,0,0,587,0,0,415539.496176,4341.00048828,332460.271147,274074.291114,33959.8580675,80332.7666135,0.0,3965.0637333,17595.5377432,0.0,33559.9941449,86011.2282805,0.0,24.113567710903215,1.0,0.0219968496824,45.4799995422,269.890827992,1015.0,26.0,Tain,Ghana,Brong Ahafo,,District,0.4318,District,3.609253,,36,,87,2,GHA,,
36,9606804.60953,674.709960938,0.335747511008,92.38333333333334,0.0,6260.89406766,674.709960938,111.343822277,172.077102661,60.1889877319,6021,196,4932,4,32,0,857,0,0,0,0,0,0,0,265871.685192,469.58001709,250053.51144,231056.711957,105625.816122,126041.24138,88962.7644035,2713.01817224,8457.68063986,0.0,85513.8388053,99329.133593,71843.7926882,18.198476376147244,0.0,0.0,5.21000003815,114.18772232,318.0,18.0,Tano North,Ghana,Brong Ahafo,,District,0.046352,District,0.94638,,37,,87,2,GHA,,
37,11780244.7043,716.549987793,0.682357251655,99.02449474188442,0.0,6235.01455649,716.520019531,107.978873749,121.99546051,55.1360321045,6386,525,5664,2,57,0,138,0,0,0,0,0,0,0,259076.947126,498.860015869,242300.152843,229591.092433,109497.437261,126041.24138,92298.3660624,2008.70883531,5981.64666873,0.0,103792.442704,121429.798131,87545.4448362,13.733795559774048,0.0,0.0,5.51000022888,111.78927862,253.0,44.0,Tano South,Ghana,Brong Ahafo,,District,0.049245,District,0.997875,,38,,87,2,GHA,,
38,38779564.8969,1342.01000977,0.926563799838,105.29315701275826,0.0,5608.82932707,1342.02001953,162.163127553,191.914413452,47.3611335754,11984,5354,3799,21,136,0,2674,0,0,0,0,0,0,0,318369.541902,933.640014648,290015.141029,266728.720278,56752.7777554,78977.1574414,27492.3316051,2391.7652107,7713.18799009,0.0,84259.9534762,105690.80772,62142.0979362,15.468024905851381,0.0,0.0,10.1000003815,165.256050927,389.0,45.0,Techiman,Ghana,Brong Ahafo,Tekyiman,District,0.09248,District,1.374072,GH.BA.TE,39,,87,2,GHA,,
39,15328524.3616,487.150024414,4.21163559448,84.38333333333334,0.0,6010.50047253,487.140014648,330.370048571,1660.75463867,76.8292388916,4318,5,4184,0,120,7,2,0,0,0,0,0,0,0,26729.8468476,338.890014648,14275.0480752,1107.50389691,14275.0245046,26729.8468476,1107.50389691,1865.97412128,4956.51640266,0.0,12719.2065011,24958.215752,0.0,17.806920104301934,0.319999992847,0.106240476633,3.86000013351,70.6600493044,202.0,2.0,Abura-Asebu-Kwamankese,Ghana,Central,,District,0.033349,District,0.886335,GH.CP.AB,40,,87,3,GHA,,
40,22797069.604,856.229980469,1.40695451353,107.99999999999999,0.0,5422.19272001,856.229980469,313.730128136,535.846923828,139.176177979,7664,4,7536,0,124,0,0,0,0,0,0,0,0,0,54128.3553407,595.880004883,34908.0313102,18990.5243259,34908.0019243,54128.3553407,18990.5243259,1792.84609795,6475.37020713,0.0,33385.572101,52688.9160216,17573.5874623,25.022769983286576,0.0,0.0,6.53000020981,65.4161343045,251.0,0.0,Agona,Ghana,Central,Agona-Swedru,District,0.058947,District,1.028939,GH.CP.AG,41,,87,3,GHA,,
41,13675708.6986,556.789978027,1.17036168168,92.19095525315255,0.0,5906.30174333,556.789978027,263.703225233,339.939666748,95.4460067749,4954,3,4872,8,53,14,4,0,0,0,0,0,0,0,35737.0509307,387.559997559,24461.6651846,10544.4766576,24461.6651846,35737.0509307,10544.4766576,1946.54004936,7452.56109925,0.0,23029.0945901,34514.203506,8905.68,18.145034668606367,0.660000026226,0.161261114824,4.34000015259,112.036201355,316.0,38.0,Ajumako-Enyan-Esiam,Ghana,Central,Ajumako Enyan|Ajumako-Enyan-Asiam|Ajumaku-Enyam-,District,0.038241,District,0.827238,GH.CP.AJ,42,,87,3,GHA,,
42,22812942.1154,1003.27001953,0.24122490067,110.71249994934912,0.0,5760.53357331,1003.27001953,149.809648089,353.31842041,95.4460067749,8963,529,8117,0,56,0,261,0,0,0,0,0,0,0,67046.6751119,697.349975586,48458.3410171,31427.1256988,48458.3410171,67046.6751119,31427.1256988,2840.95149083,8964.18460938,0.0,46943.5906933,65632.2288082,29860.0284808,30.416814493116505,1.34000003338,0.200566379632,7.57999992371,157.042644659,418.0,33.0,Asikuma Odoben Brakwa,Ghana,Central,,District,0.069101,District,1.061085,GH.CP.AO,43,,87,3,GHA,,
43,31436268.0499,1361.59997559,0.327607232295,113.15654761574524,0.0,5792.94429765,1361.59997559,141.370971861,209.201080322,76.8292388916,12168,412,10993,2,77,0,684,0,0,0,0,0,0,0,97376.767642,947.050048828,73827.6216844,53135.51748,73827.6219896,97376.767642,53135.51748,3049.7218773,10228.9332573,0.0,72345.7240119,95884.2672456,51770.9355546,22.81355120393674,0.0,0.0,10.3099994659,188.360271744,415.0,81.0,Assin North,Ghana,Central,,District,0.093814,District,1.412892,,44,,87,3,GHA,,
44,28653874.1836,1287.54003906,0.0977957373479,99.16809020428431,0.0,5485.37360719,1287.54003906,102.777041798,330.055297852,76.8292388916,11501,356,7676,0,26,0,3443,0,0,0,0,0,0,0,64200.3395278,895.309997559,41774.5868585,21369.0092745,41774.5716763,64200.3395278,21369.0092745,1891.91302991,6475.34074464,0.0,40315.7099072,62685.0100528,19874.3322517,19.102734318979895,0.0,0.0,9.5999994278,131.646968258,403.0,39.0,Assin South,Ghana,Central,,District,0.08878,District,1.231196,,45,,87,3,GHA,,
45,32581068.9496,844.710021973,5.45583475556,90.56413005823956,0.0,4193.59584642,844.700012207,560.853099495,1121.81164551,222.347320557,7524,483,6259,134,541,61,11,0,2,0,28,0,5,0,41330.7186509,588.400024414,15569.7847067,1106.87646961,15569.6767634,41330.7186509,1106.85793608,1789.88539989,8905.68,0.0,14069.5503133,39812.2080149,0.0,14.553450742882173,2.16999999806,0.361733751677,6.58000040054,74.2363444729,222.0,0.0,Awutu Efutu Senya,Ghana,Central,Awutu-Afutu-Senya|Awutu/Effutu/Senya,District,0.057976,District,1.446052,GH.CP.AE,46,,87,3,GHA,,
46,6134709.78882,152.729995728,17.4781634497,84.38333333333334,0.0,5186.64074789,152.729995728,1260.93289051,1660.75463867,76.8292388916,1336,15,1000,1,261,14,43,0,0,0,0,2,0,0,18334.3649405,106.709999084,9416.41191339,1107.53850187,9416.29364972,18334.3649405,1113.21,1258.85792488,5545.00026114,0.0,7938.60839333,16825.6523192,0.0,24.12708399775909,0.15000000596,0.181173318783,1.37999999523,40.8521613623,228.0,0.0,Cape Coast,Ghana,Central,,Municipal District,0.010331,Municipal District,0.542084,GH.CP.CC,47,,87,3,GHA,,
47,29666853.4018,1008.70996094,1.25081212804,108.0,0.0,5007.19702506,1008.70996094,302.555976947,755.35345459,222.347320557,8966,364,7744,486,67,31,251,0,0,0,23,0,0,0,31427.1256988,701.549987793,13809.3202772,0.0,13809.2140729,31427.1256988,0.0,2268.53638996,8092.5450684,0.0,12290.2945031,29860.0284808,0.0,20.289415223311813,0.109999999404,0.0245513254295,7.73999977112,83.7267419097,307.0,4.0,Gomoa,Ghana,Central,Gomua,District,0.0694,District,1.316499,GH.CP.GO,48,,87,3,GHA,,
48,9616298.50105,454.279998779,3.37626719793,96.30555555555557,0.0,5307.10925792,454.290008545,301.022858191,904.535461426,54.9806938171,4034,70,3405,22,205,17,313,0,0,0,0,2,0,0,18632.9964775,316.130004883,8260.9602606,1107.64150702,8261.01383662,18632.9964775,1113.21,2994.50109316,8905.68,0.0,6377.43991574,16698.15,0.0,25.63342226637756,0.0,0.0,3.57999992371,117.776401482,350.0,11.0,Komenda-Edina-Eguafo-Abirem,Ghana,Central,Komenda/Edina Aguafo|Komenda/Edina/Eguafo,District,0.031125,District,0.878714,GH.CP.KE,49,,87,3,GHA,,
49,39318086.1833,1630.77001953,0.283878329253,105.77281703938917,0.0,5608.94361567,1630.79003906,76.1188229962,303.286773682,54.9806938171,14538,698,11221,4,53,0,2562,0,0,0,0,0,0,0,89512.9880102,1134.59008789,54733.3330246,15431.9141663,54733.5550661,89512.9880102,15431.9141663,2234.50830972,7792.47,0.0,52692.0459393,87011.2586548,13426.4618685,19.745561276721002,0.0299999993294,0.00482464044859,12.4300012589,149.574655341,517.0,26.0,Lower Denkyira,Ghana,Central,Twifo-Hemang-Lower Denkyira,District,0.112264,District,1.920346,GH.CP.LD,50,,87,3,GHA,,
50,15367643.374,593.229980469,3.20780135541,84.38333333333335,0.0,5355.871344,593.239990234,336.052656024,339.939666748,95.8169708252,5263,226,4454,51,141,49,342,0,0,0,0,0,0,0,23998.2112084,413.640014648,8102.67463411,1107.34650471,8102.65743049,23998.2112084,1107.36412767,2488.69282493,8858.77203182,0.0,6616.81586986,22675.6889654,0.0,15.755137151286965,0.10000000149,0.0287535443874,4.86999988556,97.1185469989,316.0,9.0,Mfantsiman,Ghana,Central,Mfantseman,District,0.040541,District,1.402729,GH.CP.MF,51,,87,3,GHA,,
51,49478688.9584,1224.39001465,0.272392677219,117.53804300009155,0.0,6363.04058368,1224.37011719,114.879710329,236.401275635,59.1933021545,10871,598,9309,0,78,0,886,0,0,0,0,0,0,0,150110.687709,852.709960938,110271.674428,71351.7794493,110075.957211,149374.788509,71351.7794493,2154.37209063,7792.47,0.0,95466.3958881,113058.327866,69241.0088252,18.99699705721707,1.56000000238,0.170034744797,9.88000011444,188.927218924,478.0,119.0,Upper Denkyira,Ghana,Central,Upper Denkhira,District,0.083861,District,2.193593,GH.CP.UD,52,,87,3,GHA,,
52,93114399.0848,6196.35009766,0.0161328023083,115.2244308031485,0.0,4712.69043788,4891.43017578,55.9857344661,186.533126831,17.5182285309,55599,3740,9130,6350,13,15573,20770,0,18,2,3,0,0,0,170851.441063,4304.89013672,136367.310728,87902.3037872,6784.34430328,34241.3776106,0.0,6866.67049665,19693.0788305,0.0,79038.7905267,140551.441138,33112.3056198,22.939949460917592,0.0,0.0,44.6299972534,238.980609002,671.0,52.0,Afram Plains,Ghana,Eastern,,District,0.428801,District,2.842367,GH.EP.AP,53,,87,4,GHA,,
53,11070736.5523,692.109985352,2.14976011754,82.46887267238765,0.0,5216.06551613,692.109985352,234.52925814,1626.17736816,77.7597732544,6164,34,6104,0,24,0,2,0,0,0,0,0,0,0,54500.4889342,481.690002441,41829.3189593,27747.8425478,32932.1034603,46913.1814091,18873.812813,2122.76898911,8053.50584879,0.0,38435.8707167,50384.7317746,23587.8697847,9.741476883945259,0.0299999993294,0.0112118636386,5.35000038147,59.0234787809,216.0,0.0,Akwapim North,Ghana,Eastern,,District,0.047605,District,0.87105,GH.EP.AN,54,,87,4,GHA,,
54,13679852.0027,425.679992676,6.69472672876,63.44166666666666,0.0,4790.84326613,425.679992676,541.176704475,1626.17736816,290.534301758,3767,13,3630,0,111,0,13,0,0,0,0,0,0,0,43231.3671371,296.480010986,31551.8605429,21903.4353948,31552.1266231,43231.3671371,21903.4353948,1927.05066391,7029.02353018,0.0,30016.5927606,41839.3802483,20388.5870967,9.362436969935416,0.0,0.0,3.43000030518,76.6891825226,209.0,0.0,Akwapim South,Ghana,Eastern,,District,0.029162,District,0.761673,GH.EP.AS,55,,87,4,GHA,,
55,22961389.9448,896.560058594,1.86253747913,98.22899155328612,0.0,5205.04082215,666.059997559,191.1290966,306.215087891,39.7506370544,7995,915,3416,51,22,2992,531,0,0,0,0,0,68,0,93511.7865717,623.840026855,72110.081776,46744.1097116,1824.96434888,8923.58588741,0.0,2458.89638837,12416.0530869,0.0,62344.7464862,76416.7462009,45040.1726979,17.649712777535157,0.209999993443,0.040776641214,6.86999988556,101.348102153,194.0,51.0,Asuogyaman,Ghana,Eastern,,District,0.061682,District,1.166137,GH.EP.AG,56,,87,4,GHA,,
56,22927214.3745,959.210083008,0.130313891529,121.26000001390776,0.0,6049.36622604,959.210083008,120.529043477,224.141571045,106.434425354,8553,757,6075,0,21,0,1700,0,0,0,0,0,0,0,119341.603374,667.549987793,101488.042149,82332.8357583,41635.9625413,59099.1363813,25078.5903611,2488.18704848,9545.25150473,0.0,99965.5798627,117876.515097,80897.6910889,13.967809917910117,0.469999998808,0.0745139216675,7.38000011444,119.507005895,421.0,19.0,Atiwa,Ghana,Eastern,,District,0.065924,District,1.23125,,57,,87,4,GHA,,
57,28611792.3249,1625.69995117,0.108639258934,120.52785042137549,0.0,6222.11333024,1625.7199707,143.516361046,223.004211426,87.719078064,14511,959,11842,0,99,0,1611,0,0,0,0,0,0,0,133662.346253,1131.0,108602.809055,81141.0892448,70906.1482211,97803.3554727,33083.0914524,2795.5487691,12650.7189923,0.0,107106.43705,132160.826238,79623.4875675,27.760947694656295,0.0599999986589,0.00812811388911,12.3100004196,154.455235345,590.0,14.0,Birim North,Ghana,Eastern,,District,0.111973,District,1.70753,GH.EP.BN,58,,87,4,GHA,,
58,24599990.8657,1328.14990234,1.02982000421,110.17153848473697,0.0,5853.68442539,1328.14990234,209.421290021,310.198974609,87.719078064,11843,582,10004,0,135,0,1122,0,0,0,0,0,0,0,89398.7090491,924.020019531,67832.1617695,43338.925192,67831.9059173,89398.7090491,43338.925192,2226.8185933,7105.00523859,0.0,66311.7460853,88104.9861142,41776.6428975,33.11644677371895,0.989999998361,0.107555441891,10.0399990082,115.410613396,315.0,32.0,Birim South,Ghana,Eastern,,District,0.091492,District,1.505801,GH.EP.BS,59,,87,4,GHA,,
59,11291602.324,693.33001709,1.82574067557,116.48494621702173,0.0,5701.19696799,693.329956055,231.010879535,1196.65588379,104.949134827,6181,580,4900,0,17,0,684,0,0,0,0,0,0,0,88215.6350801,482.350006104,76940.767144,65806.2854286,48624.3093233,65812.8767289,34157.8135999,1810.00736252,5668.57499132,0.0,74916.8049055,86806.4461063,64166.3157033,9.384228882936906,0.0,0.0,5.34000015259,73.8758062251,408.0,0.0,East Akim,Ghana,Eastern,,District,0.047696,District,0.870965,GH.EP.EA,60,,87,4,GHA,,
60,23943427.7391,1335.14001465,0.297649982192,115.63720275408745,0.0,5510.2524241,1267.29003906,108.599551137,224.141571045,104.583389282,11926,1453,8507,108,24,939,874,0,0,0,14,0,7,0,118857.42788,928.570007324,98072.9350956,78513.2842131,16240.0701192,43760.3040718,0.0,3501.28061892,12281.2240872,0.0,91490.475762,111467.342387,74356.7523488,13.106097833079234,0.0599999986589,0.0100005603164,10.0,154.131235609,494.0,11.0,Fanteakwa,Ghana,Eastern,Fanteakwah,District,0.092011,District,1.32032,GH.EP.FA,61,,87,4,GHA,,
61,27414130.941,1551.57995605,0.401130796111,120.57842541951437,0.0,5865.09837897,1551.56994629,161.762678704,235.715179443,113.444381714,13873,845,10836,40,213,6,1933,0,0,0,0,0,0,0,113934.098959,1078.83996582,89384.2544646,67584.0687756,67416.5523355,86495.7812056,47287.8042571,3087.82101241,12650.7189923,0.0,87866.0455432,112399.712655,66108.9990486,23.15925888170604,0.910000026226,0.0831356315993,11.5499992371,156.856151569,608.0,37.0,Kwabibirem,Ghana,Eastern,Kwaebibirem|Kwaebibirim,District,0.107025,District,1.366708,GH.EP.KB,62,,87,4,GHA,,
62,29055234.4514,1881.69995117,0.52127659424,114.91846726925856,0.0,5612.27063039,1825.01000977,111.745883022,207.638824463,94.5444259644,16809,3709,9270,1258,39,799,1722,0,0,1,11,0,0,0,158192.145689,1309.01000977,131641.027684,101667.231489,12809.722269,31343.6159732,0.0,4869.19945526,14441.1018404,0.0,125671.565367,153318.51721,93582.9466599,16.036208598584548,0.469999998808,0.0386948413783,14.220000267,194.310533897,644.0,6.0,Kwahu South,Ghana,Eastern,,District,0.129713,District,1.808599,GH.EP.KS,63,,87,4,GHA,,
63,7932672.83826,472.929992676,1.83309582893,116.92486830042976,0.0,6221.2173946,472.929992676,194.958029748,207.638824463,105.499031067,4206,1127,2767,0,99,4,209,0,0,0,0,0,0,0,137095.892014,329.110015869,123622.847336,105866.89919,29524.0145425,40747.9341672,18191.9423657,2807.52074527,9545.25150473,0.0,122182.968567,135605.001859,104436.456837,15.593939721636039,0.0,0.0,3.78999996185,68.6070088144,295.0,0.0,Kwahu West,Ghana,Eastern,,District,0.032419,District,0.842637,,64,,87,4,GHA,,
64,19528019.1796,1078.11010742,0.685441656742,111.97810858640233,0.0,4858.79564008,924.590026855,153.593665494,306.215087891,104.583389282,9604,730,6808,54,38,1731,243,0,0,0,0,0,0,0,104008.484928,750.100036621,77413.4548155,48288.6796885,8242.53610024,27825.5786414,0.0,3964.73306648,15115.7356238,0.0,71071.123856,88578.170538,45924.0842311,14.562612309757856,0.0,0.00604139955411,8.27999973297,139.868135603,358.0,38.0,Manya Krobo,Ghana,Eastern,,District,0.074182,District,1.318793,GH.EP.MK,65,,87,4,GHA,,
65,7014152.40507,206.559997559,14.5219491336,113.23333333333335,0.0,5709.83630955,206.559997559,952.03790773,1196.65588379,160.835083008,1825,56,1653,0,116,0,0,0,0,0,0,0,0,0,71122.6730413,143.930007935,61777.6217076,51679.3909909,40273.3495719,46256.7451974,33659.5354132,1507.36967794,5548.673355,0.0,58443.6448523,67494.2847924,47906.2594941,7.554866324665725,0.189999997616,0.142850494788,1.75,38.2452270392,153.0,8.0,New Juaben,Ghana,Eastern,New Juabem|New Juabeng,Municipal District,0.014049,Municipal District,0.503089,GH.EP.NJ,66,,87,4,GHA,,
66,23457024.3969,1174.7800293,0.561211870275,92.92743515162601,0.0,5833.43784249,1174.80004883,206.62133044,1000.66070557,194.213653564,10489,163,10057,0,35,0,234,0,0,0,0,0,0,0,69624.7923311,816.780029297,53774.0162548,34012.774038,51762.6184389,69063.2748585,34012.774038,2736.35661563,8905.68,0.0,52288.8816263,67831.3269678,32368.5823333,10.122310884645708,0.00999999977648,0.00452087983122,8.85000038147,135.408170119,546.0,22.0,Suhum Kraboa Coaltar,Ghana,Eastern,Suhum/Kroboa/Coaltar,District,0.080935,District,1.153481,GH.EP.SK,67,,87,4,GHA,,
67,17972745.3251,758.199951172,0.573755456012,104.38471657388811,0.0,5765.073802,758.189941406,260.169072526,1121.81164551,155.401535034,6743,150,6254,0,49,0,290,0,0,0,0,0,0,0,73328.6911183,527.969970703,52276.2853701,29808.3505726,52276.2853701,73328.6911183,29808.3505726,2312.38555751,8005.79388021,0.0,50752.223454,71800.8272542,28324.1138236,17.747384113681015,1.03000000864,0.17786112221,5.96000003815,117.337037691,433.0,35.0,West Akim,Ghana,Eastern,,District,0.052036,District,1.215634,GH.EP.WA,68,,87,4,GHA,,
68,17803856.3393,664.420043945,1.32413356161,113.23333333333335,0.0,5716.78101158,664.41003418,196.047153463,1196.65588379,104.583389282,5902,147,5714,4,1,0,36,0,0,0,0,0,0,0,80379.5634276,462.5,62198.977214,40068.7807114,24908.6640428,36859.0509266,13451.5808224,3142.0380867,8460.5625644,0.0,57801.8318745,76045.932285,35508.1454321,10.620662117710529,0.77999997139,0.165415233653,5.26000022888,137.954999364,357.0,14.0,Yilo Krobo,Ghana,Eastern,,District,0.045583,District,1.017055,GH.EP.YK,69,,87,4,GHA,,
69,198578848.0,330.220001221,60.7796731175,63.44166666666666,0.0,2583.59872282,330.220001221,7629.11286846,11258.4423828,779.918457031,2937,48,71,2,2734,76,3,0,0,0,3,0,0,0,16184.3962401,230.020004272,7489.56213146,1106.67074655,7490.02344614,16184.3962401,1106.67074655,1490.04539261,5566.05,0.0,5918.65937347,14831.668876,0.0,14.15940536333479,30.4999992996,13.4409981089,2.66000008583,10.7133090324,52.0,0.0,Accra,Ghana,Greater Accra,Accra Metropolitan Assembly,Metropolitan District,0.022613,Metropolitan District,0.671157,GH.AA.AC,70,,87,5,GHA,,
70,52799569.5389,1943.08007812,2.06664018918,84.66258197702885,0.0,3865.83211789,1941.13000488,113.876210577,1782.34460449,77.7597732544,17395,3328,9149,4400,202,125,153,0,3,0,24,0,11,0,51165.2673547,1351.22998047,22837.988405,1113.21,12654.671857,30195.2627683,0.0,1857.34841448,9455.79239987,0.0,20190.728542,47185.2885225,0.0,18.224615875884613,1.29999998212,0.110807567007,14.4399995804,101.248921623,399.0,9.0,Dangbe East,Ghana,Greater Accra,,District,0.134061,District,1.695125,GH.AA.DE,71,,87,5,GHA,,
71,25931276.9676,846.449951172,0.569357283775,NA,0.0,3654.8649559,845.239990234,213.82555959,318.817108154,77.7597732544,7459,1478,3850,1052,202,368,249,0,157,14,58,6,25,0,24490.62,590.179992676,12128.5870586,1113.21,7803.23149898,15584.94,0.0,2600.6262493,8429.43835446,0.0,5971.64097836,16948.3521736,0.0,22.972358073614313,1.25,0.219785952927,6.78000020981,154.626055265,380.0,51.0,Dangbe West,Ghana,Greater Accra,,District,0.057537,District,2.845629,GH.AA.DW,72,,87,5,GHA,,
72,21450479.532,220.270004272,29.0279954891,63.44166666666667,0.0,3675.569943,220.270004272,1293.43904135,1602.76098633,299.223297119,1950,27,1088,8,818,0,9,0,0,0,0,0,0,0,27788.1471759,153.570007324,20698.6709727,13424.7363844,20699.24397,27788.1471759,13424.7363844,1513.58855611,5642.42313533,0.0,19135.5092582,26422.5394619,11604.501876,9.448589083736376,0.469999991357,0.516035545435,1.87999987602,44.6818109838,211.0,0.0,Ga East,Ghana,Greater Accra,,District,0.015008,District,0.551512,,73,,87,5,GHA,,
73,32128857.5319,513.849975586,10.9407402107,68.5830126363493,0.0,4007.29632785,507.860015869,1164.40712147,11258.4423828,281.724731445,4568,149,3516,80,417,263,80,0,18,0,45,0,0,0,35309.827874,357.519989014,19100.6002026,1113.21,19100.5565931,35309.827874,1113.21,1922.41507179,7029.02353018,0.0,17635.8646388,33848.0596854,0.0,12.649580745671903,1.8599999696,0.547764843182,4.08999967575,58.1303597521,171.0,0.0,Ga West,Ghana,Greater Accra,,District,0.035214,District,0.887025,,74,,87,5,GHA,,
74,135690240.211,536.479980469,34.4242102995,63.44166666666666,0.0,3027.63966663,536.479980469,1535.02832624,5862.39257812,77.7597732544,4753,500,1599,111,2495,34,6,0,0,0,7,0,1,0,29802.8021986,373.510009766,11955.8035856,1106.51856769,11955.6503756,29802.8021986,1106.51856769,1305.91659419,5566.05,0.0,10114.8909477,27361.8973536,0.0,12.4349511272458,7.46000003815,2.05735213594,4.2000002861,24.682924567,148.0,0.0,Tema,Ghana,Greater Accra,,Municipal District,0.036751,Municipal District,1.051545,GH.AA.TE,75,,87,5,GHA,,
75,106467787.712,6053.78027344,0.0669239977422,94.49288052305765,0.0,4856.03951351,5987.56005859,12.3333046032,47.3611335754,7.09206390381,54270,284,183,6863,4,41,46466,0,0,0,0,427,2,0,458075.240018,4208.08984375,402413.383495,343118.599128,13154.4640178,43820.0174255,0.0,5557.07442109,25669.2961083,0.0,34090.6192827,81496.8791839,0.0,31.40356359243099,0.0,0.0,44.1399993896,402.227883211,1061.0,142.0,Bole,Ghana,Northern,,District,0.418578,District,3.501149,GH.NP.BO,76,,87,6,GHA,,
76,31517334.8254,1897.90002441,0.0,90.4100324053486,0.0,3957.08027458,1897.89001465,97.8315753083,137.184539795,37.1061630249,16959,3199,11005,1802,0,0,953,0,0,0,0,0,0,0,533975.718213,1319.93005371,507081.895759,484035.461078,30727.8796409,48091.0547056,0.0,2726.50781061,10922.5159823,0.0,16199.7480066,43130.2970875,0.0,21.884479559552645,7.3599999994,0.54154584783,14.1600008011,213.597811697,621.0,69.0,Bunkpurugu Yunyoo,Ghana,Northern,,District,0.130928,District,1.684364,,77,,87,6,GHA,,
77,138552655.115,9409.64941406,0.0209111751692,87.44356065536937,0.0,4692.7062575,9408.08984375,10.4546555367,38.2888526917,9.76686954498,84407,1233,3555,23016,0,1230,55346,0,0,0,11,0,16,0,434061.959711,6538.5,392831.853396,331433.911807,12899.3197731,45481.4839285,0.0,4887.82734624,15978.5841041,0.0,123392.862429,161688.115596,48700.3251111,28.577428459974932,0.0,0.0,67.8200073242,309.466030977,963.0,27.0,Central Gonja,Ghana,Northern,,District,0.651228,District,4.143444,,78,,87,6,GHA,,
78,176845991.343,11689.1591797,0.0149749898276,90.76861627509166,0.0,4772.83511595,11333.9804688,26.0893678344,459.218200684,10.1748380661,104723,10229,5693,10151,15,6351,72235,0,13,0,21,4,11,0,413873.419383,8124.68994141,332115.946071,262752.170663,21180.8986975,65531.5294395,0.0,4907.91921389,22042.9921502,0.0,108336.056483,164917.756937,36751.8147733,28.72816704159192,1.57000005245,0.0235851820881,84.8600006104,278.324804604,988.0,17.0,East Gonja,Ghana,Northern,East Gonga,District,0.808256,District,6.654372,GH.NP.EG,79,,87,6,GHA,,
79,24796860.3157,1523.04003906,0.0400433838443,86.13465134210249,0.0,3959.90108204,1523.05004883,63.8703094648,137.184539795,34.4292030334,13621,1429,9051,1619,3,0,1519,0,0,0,0,0,0,0,537294.009323,1059.05004883,516197.070661,494642.859877,15166.3427359,36260.8696541,0.0,3858.46799363,14034.5847553,0.0,42886.5319617,68425.5111754,23542.7600494,22.80926498405204,0.0,0.0,11.3899993896,206.802594263,515.0,68.0,East Mamprusi,Ghana,Northern,,District,0.105059,District,1.385789,GH.NP.EM,80,,87,6,GHA,,
80,67118821.5019,4263.39013672,0.00891569499005,85.0251974474722,0.0,4188.62991004,4263.37988281,38.9664641299,115.183181763,26.4371509552,38176,5217,11906,16713,2,9,4229,0,0,0,6,0,94,0,505150.283425,2963.5300293,461628.173155,417580.996178,46672.1363555,70284.836229,21077.4553969,6090.09076077,20044.9654154,0.0,48228.9509993,81473.5911162,8854.5526412,35.061360228988136,1.88999998569,0.0617679799909,31.0900001526,319.057974517,891.0,54.0,Gushiegu,Ghana,Northern,,District,0.294645,District,2.795362,,81,,87,6,GHA,,
81,53802122.1126,3340.83984375,0.0,79.02216614023509,0.0,4255.11524548,3340.85009766,28.833281605,72.5331954956,26.4371509552,29931,4759,6265,14184,2,26,4678,0,0,0,5,0,12,0,504527.80475,2322.37988281,460816.147482,417207.048027,46896.2914774,69682.6215474,19847.7122398,6628.52085537,23377.41,0.0,83801.1543534,114192.61407,58378.489215,33.33471942446675,0.0,0.0,24.4300003052,330.379059553,985.0,50.0,Karaga,Ghana,Northern,,District,0.230872,District,2.178656,,82,,87,6,GHA,,
82,49449741.4844,2995.2199707,0.0,83.79908761169735,0.0,4716.58306649,2995.20996094,47.1182725033,86.4071426392,18.7241592407,26786,7136,5460,3340,0,157,10684,0,0,0,2,4,3,0,371272.496433,2082.37988281,338494.067261,303337.434877,29489.8364731,51316.8991756,1098.09184247,3845.45857538,12531.6611033,0.0,58348.5599124,93664.8201198,29648.4790682,30.295668496764627,0.0,0.0,22.25,224.112207716,630.0,32.0,Nanumba North,Ghana,Northern,,District,0.206718,District,2.438348,,83,,87,6,GHA,,
83,30228917.7254,1627.86010742,0.0522047708143,87.26112657589407,0.0,4865.20965072,1627.84008789,72.9231194797,86.4071426392,21.994764328,14539,6779,4641,782,10,136,2191,0,0,0,0,0,0,0,346862.005535,1132.33007812,320480.695952,298020.210732,7600.08371241,21348.7727395,0.0,3641.51550285,13593.6754042,0.0,30976.160249,57168.8623043,0.0,27.856881274224722,0.0,0.0,12.4699993134,242.144707437,824.0,85.0,Nanumba South,Ghana,Northern,,District,0.112052,District,1.900274,,84,,87,6,GHA,,
84,60306554.7742,3594.85009766,0.0,87.13076041499227,0.0,4242.55432281,3594.85009766,37.6773450741,121.04813385,35.9453735352,32120,3837,10346,13088,6,26,4812,0,0,0,1,0,4,0,492334.989408,2499.68017578,438151.779837,384321.451468,12602.5904336,39938.1107779,0.0,3430.08440487,14734.6138973,0.0,11415.9562672,41532.1171953,0.0,32.12307352716546,2.94000005722,0.11146522014,26.9199981689,231.161500194,752.0,17.0,Saboba Chereponi,Ghana,Northern,Saboba/Cherepon|Saboba/Cheripon,District,0.247909,District,3.286421,GH.NP.SC,85,,87,6,GHA,,
85,45734964.8704,2352.58984375,0.298028616633,75.31849229630453,0.0,4144.58217453,2352.58984375,85.7174642105,459.218200684,26.4371509552,21007,4275,7602,6793,11,49,2039,0,0,0,4,4,230,0,502132.65593,1635.58007812,461613.383454,418332.946419,19526.8378449,47867.8096165,0.0,4229.65694757,14861.7615693,0.0,109655.214466,132753.036798,83158.2935475,30.14625924102239,6.0,0.345747281491,17.5299987793,173.82433225,536.0,11.0,Savelugu Nanton,Ghana,Northern,Savelgu/Nanton|Savelugu Nantom,District,0.162298,District,2.071472,GH.NP.SN,86,,87,6,GHA,,
86,94919518.4747,5708.18994141,0.025591672782,88.78481262052563,0.0,4775.13352966,5708.18994141,22.0357196075,63.0396270752,9.76686954498,51136,4656,543,15679,0,8,30246,0,0,0,0,2,2,0,529557.709059,3967.48999023,488740.89904,431934.162307,32863.3335062,73867.0254333,0.0,5635.04735648,17173.1453789,0.0,33683.4575049,83065.5239436,0.0,33.321350009614406,1.0,0.024051262193,41.5699996948,373.962092128,943.0,69.0,Sawa-Tuna-Kalba,Ghana,Northern,,District,0.394699,District,3.206877,,87,,87,6,GHA,,
87,64087820.9895,697.010009766,6.95863210768,74.375,0.0,4367.53475317,697.010009766,430.741201867,459.218200684,18.7241592407,6225,1115,4202,366,183,0,357,0,0,0,2,0,0,0,434427.070502,484.869995117,419501.752829,407014.772738,38640.6054016,54927.7115495,22875.4654008,1984.82444753,8905.68,0.0,111724.899805,128579.44548,93343.1029416,23.212874765842862,3.87000000477,0.740562650199,5.32000017166,57.7259555363,295.0,0.0,Tamale,Ghana,Northern,West Dagomba,District,0.047954,District,0.913228,GH.NP.TA,88,,87,6,GHA,,
88,51473973.8941,3399.63989258,0.0835162164948,77.30767555583259,0.0,4060.57523495,3397.62988281,48.2905757511,459.218200684,9.76686954498,30409,2588,12267,9430,2,130,5891,0,0,0,0,2,99,0,514022.600057,2363.81005859,461331.453832,413150.126937,12166.4575956,35851.7314734,0.0,4420.67102139,15104.5670199,0.0,132232.67507,161415.45,91283.22,31.94702561495941,0.0,0.0,25.1199989319,185.722409772,668.0,11.0,Tolon-Kumbungu,Ghana,Northern,Talon Kumbungu|Tolon Kumbugu,District,0.234659,District,2.701059,GH.NP.TK,89,,87,6,GHA,,
89,161210095.58,10981.1894531,0.0227918110434,83.63492259178001,0.0,4929.28846409,10981.1796875,11.571745561,38.2888526917,9.76686954498,98518,2155,2231,14693,0,16,79422,0,0,0,0,1,0,0,523224.180458,7630.13964844,463850.839174,409634.970906,36016.1870189,72030.3655712,0.0,6175.17734484,21142.4050263,0.0,104808.069182,158980.474179,41352.0362611,33.910455112985936,0.0,0.0,78.6399993896,395.113829725,1149.0,72.0,West Gonja,Ghana,Northern,,District,0.76031,District,4.471811,GH.NP.WG,90,,87,6,GHA,,
90,87874936.7976,5549.53027344,0.0126116151193,78.65889662930853,0.0,4318.33538165,5549.53027344,37.0457576118,128.551513672,9.76686954498,49720,3101,10334,20321,5,18,15497,0,0,0,3,0,441,0,555774.001619,3857.08984375,525114.77634,487333.244981,19712.203348,64916.9547669,0.0,4159.24184264,15584.94,0.0,73864.307107,110521.985129,33211.7171383,23.519108001829597,2.0,0.0492327292797,40.6200027466,220.775539033,711.0,22.0,West Mamprusi,Ghana,Northern,,District,0.383527,District,3.425734,GH.NP.WM,91,,87,6,GHA,,
91,82714779.0547,5098.55029297,0.0931495973301,79.43566787039443,0.0,4592.79125222,5098.5703125,54.1067235694,459.218200684,18.7241592407,45700,6370,7883,16187,24,4,15224,0,0,0,0,2,6,0,435779.909148,3544.97998047,396188.384734,345699.798628,37011.667249,69433.5252584,0.0,4667.16908928,15726.6323723,0.0,47581.4735039,96892.4312484,3123.82227325,29.669819668202237,5.0,0.133891901019,37.3399963379,182.076263969,594.0,0.0,Yendi,Ghana,Northern,East Dagomba,District,0.352403,District,3.237698,GH.NP.YE,92,,87,6,GHA,,
92,39516523.6515,2553.26000977,0.0148778769131,87.38994868730097,0.0,5005.09120571,2553.23999023,56.298153751,86.4071426392,22.0431461334,22800,6875,5820,2197,4,23,7881,0,0,0,0,0,0,0,387486.220246,1775.70996094,352654.831793,309168.928062,12889.5371061,32308.7194358,0.0,3406.65521046,15368.9861957,0.0,9633.8790362,30989.7479047,0.0,30.13601830275883,2.0,0.104666967028,19.1000003815,198.576263222,610.0,44.0,Zabzugu Tatale,Ghana,Northern,Zabzugu Tatali,District,0.176065,District,2.34967,GH.NP.ZT,93,,87,6,GHA,,
93,30419164.0055,1101.19995117,0.223876732991,90.05543354585419,8.0,3548.75681262,1101.20996094,201.123293915,288.706695557,60.4952125549,9814,623,8454,435,51,7,242,0,0,0,2,0,0,0,586190.745565,766.059997559,567276.671871,548980.713448,13841.8377702,41606.0484583,0.0,2261.01652515,7353.0900172,0.0,9739.7496347,26788.9998796,0.0,13.736375019887898,18.9700000286,2.26177033704,8.39999961853,77.8898463928,300.0,0.0,Bawku Municipal,Ghana,Upper East,,District,0.075761,District,1.386789,,94,,87,7,GHA,,
94,34045503.6204,1266.25,0.16187526115,86.9487811337087,0.0,4007.08189349,1266.26000977,88.3115952389,208.332870483,42.9581680298,11294,1171,5937,2267,9,11,1899,0,0,0,0,0,0,0,585140.990786,880.809997559,556713.710569,531438.202945,9198.69282871,26228.8983813,0.0,3127.49283048,14844.6586395,0.0,16154.9216797,38571.9762246,0.0,14.575423738318435,0.019999999553,0.00412949104547,9.68000030518,124.411418834,365.0,24.0,Bawku West,Ghana,Upper East,,District,0.087117,District,1.539824,GH.UE.BW,95,,87,7,GHA,,
95,17988608.7504,667.609985352,1.61763606872,79.79166670617731,0.0,3940.35067733,667.609985352,232.37785883,291.791381836,93.3661117554,5958,525,3269,1360,58,2,660,0,0,0,0,0,84,0,580124.828483,464.639984131,565764.516576,550430.901589,17569.9898977,31242.4092271,3510.3934981,3536.29761768,9910.8183162,0.0,23530.5663038,44035.042646,11946.4635084,15.570472597828031,1.46999999881,0.319406223023,5.28999996185,138.172850983,495.0,0.0,Bolgatanga,Ghana,Upper East,Bolga,District,0.045829,District,1.009348,GH.UE.BG,96,,87,7,GHA,,
96,18227174.3874,582.489990234,0.142431467639,80.30555118370764,0.0,3853.09967884,582.5,200.646140033,291.791381836,43.6816978455,5173,350,4188,332,0,59,244,0,0,0,0,0,0,0,589392.815699,405.110015869,578342.208355,567929.37121,30111.2330786,40400.9302601,19676.5822955,3864.45561001,11414.9755051,0.0,6206.88352698,16168.4241965,0.0,15.813881872590828,0.649999991059,0.171856979763,4.53999996185,145.019332411,429.0,3.0,Bongo,Ghana,Upper East,,District,0.039939,District,0.954104,GH.UE.BO,97,,87,7,GHA,,
97,53028070.1504,2465.02001953,0.0186530367618,74.08241170100099,0.0,4164.09703454,2465.02978516,43.8222506805,128.551513672,14.1906375885,22051,1703,4121,9962,3,8,6245,0,0,0,0,0,9,0,590801.671598,1713.58996582,565784.184339,529742.95408,32915.664557,62322.0191361,3463.14363497,3753.51257721,11052.885724,0.0,43817.7694701,77924.7,13358.52,17.940043144267435,0.0,0.0,18.2000007629,208.720360876,565.0,40.0,Builsa,Ghana,Upper East,,District,0.170191,District,1.831682,GH.UE.BU,98,,87,7,GHA,,
98,30403503.9356,1191.44006348,0.0797301237512,92.45462820945538,0.0,3749.99461813,1191.43005371,149.741243502,262.082000732,86.9862823486,10635,708,8368,1064,2,10,483,0,0,0,0,0,0,0,564676.702723,828.809936523,546313.085348,530034.220352,18952.9760254,43486.6510209,0.0,2032.2702971,7646.41076561,0.0,12891.1567714,31684.2820961,0.0,14.897487459683187,0.210000000894,0.0464409123291,9.05000019073,110.190661677,407.0,24.0,Garu Tempane,Ghana,Upper East,,District,0.082065,District,1.273721,,99,,87,7,GHA,,
99,48349583.852,1990.44006348,0.315200622143,74.3205586507604,0.0,4073.98151347,1985.43005371,102.709318473,291.791381836,14.1906375885,17780,754,6544,6323,13,162,3808,0,0,0,0,0,176,0,614369.570161,1384.92004395,585885.309756,544000.057802,38783.3889524,70530.2812233,0.0,3361.0818645,12905.2012241,0.0,17444.6963502,52546.2808131,0.0,17.34208987165482,0.270000003278,0.0239241347108,15.0399999619,163.723729806,497.0,17.0,Kassena Nankana,Ghana,Upper East,Kasena/Nankan|Kassena/Nankani,District,0.137034,District,2.380655,GH.UE.KN,100,,87,7,GHA,,
100,25692817.5933,1065.72998047,0.0,80.49166666666666,0.0,4330.04070976,1065.72998047,97.9980718096,291.791381836,34.4292030334,9472,1115,3052,3106,0,0,2185,0,0,0,0,0,14,0,571087.593133,742.260009766,550785.87818,531578.425926,8640.72075254,27026.6600497,0.0,5590.97830135,16698.15,0.0,27032.0563475,49120.5371295,2226.42,15.275661522741997,0.839999973774,0.106135544574,8.28999996185,148.343889221,469.0,12.0,Talensi Nabdam,Ghana,Upper East,,District,0.073236,District,1.509136,,101,,87,7,GHA,,
101,56247755.2058,2015.23999023,0.028296679673,89.3777068393632,0.0,4154.45445303,2015.26000977,67.9603923409,106.059059143,16.3760528564,18015,6821,2414,8682,6,2,88,0,0,0,1,0,1,0,656171.887128,1401.71008301,620172.919084,589661.131863,25743.7201359,54455.6300093,0.0,2741.647559,9023.69419418,0.0,22614.2578496,45641.61,0.0,29.97791112653122,1.09000000358,0.0807202826272,15.2400007248,207.711149697,443.0,79.0,Jirapa Lambussie,Ghana,Upper West,Jirapa-Lambusi|Jirapa-Lumbussie,District,0.138931,District,1.978608,GH.UW.JL,102,,87,8,GHA,,
102,28600329.2008,1224.55004883,0.0367593615797,91.20196333694994,0.0,3825.93004797,1224.55004883,101.832748421,106.059059143,38.0565109253,10907,5716,2049,3085,4,1,4,0,4,0,0,0,44,0,654414.946108,851.809997559,623982.441444,591204.91519,8301.54214411,26304.0137062,0.0,2445.72470637,9910.49797219,0.0,8705.23702739,26304.0137062,0.0,30.477480358977356,0.0599999986589,0.0118419005206,9.28000068665,222.232043954,542.0,110.0,Lawra,Ghana,Upper West,,District,0.084262,District,1.460333,GH.UW.LA,103,,87,8,GHA,,
103,61656259.0459,3181.52978516,0.00156331613827,86.15138128684934,0.0,4393.17676506,3181.52978516,34.2705943284,64.6364212036,16.3760528564,28464,4808,1584,21610,2,8,452,0,0,0,0,0,0,0,608678.188096,2211.52001953,581516.435692,552924.500255,34332.5738587,82069.1136351,0.0,3680.10040845,18372.5244914,0.0,35312.5280694,82377.54,0.0,32.65732083288995,0.0599999986589,0.00512288786141,23.4100017548,187.689134434,700.0,26.0,Nadowli,Ghana,Upper West,Nadawli|Nadawoli,District,0.219654,District,2.39675,GH.UW.NA,104,,87,8,GHA,,
104,83058132.1937,5021.14013672,0.0199359899291,76.75970626169784,0.0,4525.38088403,5021.14013672,14.9173031469,87.5366134644,14.1906375885,45041,4839,6860,21189,0,0,12151,0,0,0,2,0,0,0,631502.070556,3489.64013672,585853.080348,535937.721524,78594.987555,102208.059193,44828.6828536,2741.53523229,11946.1405224,0.0,38487.5052455,90170.01,0.0,25.342318383234765,0.0,0.0,36.3199996948,250.172663904,641.0,99.0,Sissala East,Ghana,Upper West,,District,0.347342,District,2.700004,,105,,87,8,GHA,,
105,65000286.5748,3688.59008789,0.0145477284395,82.51177592778726,0.0,4358.54140278,3688.59008789,21.1055873102,78.462562561,14.1906375885,33016,3054,7949,18531,0,3,3477,0,0,0,0,0,2,0,657565.180601,2564.44995117,614487.491216,564351.000726,64594.7486875,90773.6195756,19775.7890934,3454.59019737,14716.3894758,0.0,28799.4874836,74585.07,0.0,29.806273352935087,0.0,0.0,27.0800018311,237.328595235,644.0,88.0,Sissala West,Ghana,Upper West,,District,0.254943,District,2.393501,,106,,87,8,GHA,,
106,57486909.9133,3091.27001953,0.0,81.7341160159908,0.0,4912.73527391,3091.2800293,21.2337000713,63.0396270752,9.76686954498,27712,98,53,11591,0,0,15970,0,0,0,0,0,0,0,565364.286848,2149.2800293,525752.196816,489808.802353,68312.1296304,92389.8887518,39331.2133172,4793.08112536,20037.78,0.0,91006.1926256,114535.99407,70790.2121165,33.62119164915013,1.0,0.0441009663222,22.6800003052,283.076359728,745.0,96.0,Wa East,Ghana,Upper West,,District,0.213547,District,2.162831,,107,,87,8,GHA,,
107,32006117.4979,1626.15991211,0.045774663223,92.54077161648445,0.0,4367.9018241,1626.14001465,48.9868999537,71.3474578857,15.3755064011,14539,4240,537,9541,0,5,216,0,0,0,0,0,0,0,566367.26951,1131.10998535,538893.866177,506983.181024,10621.9770174,28499.4584977,0.0,3110.72273303,9161.3532401,0.0,10808.8875426,28532.7500472,0.0,32.818556828268726,0.75,0.08112412943,12.1999998093,160.952098641,378.0,33.0,Wa West,Ghana,Upper West,,District,0.112114,District,1.588108,,108,,87,8,GHA,,
108,58216376.7677,2751.58007812,0.282640482686,84.58014690513285,0.0,4683.31513572,2751.59008789,48.5620460488,63.0396270752,19.2272472382,24641,2901,1774,14389,56,6,5515,0,0,0,0,0,0,0,572855.459085,1912.68994141,541965.969184,506074.143597,49663.0945353,75694.6803574,20816.5473601,3934.85719501,18924.57,0.0,49866.1116694,79090.1148463,20816.5473601,34.522294643471376,2.25,0.120517141557,20.1599998474,199.200105842,770.0,0.0,Wa,Ghana,Upper West,,District,0.190167,District,1.813831,GH.UW.WA,109,,87,8,GHA,,
109,24490110.6899,1738.77001953,0.0582337139923,100.52374540164395,0.0,5005.04111475,1738.7800293,48.2241929159,271.713562012,38.6027336121,15534,2741,7567,32,1,0,5193,0,0,0,0,0,0,0,91240.1321337,1209.55004883,66987.8151,47867.1954976,29032.3229836,51545.8055046,5566.05,1857.5685591,5982.78409653,0.0,27058.6927776,59606.1121629,0.0,16.765763966377076,0.0,0.0,13.0,94.3175569219,322.0,17.0,Adaklu Anyigbe,Ghana,Volta,,District,0.119872,District,1.639461,,110,,87,9,GHA,,
110,17550716.0121,1078.33996582,0.761219553924,104.875,0.0,4927.11380894,1078.34997559,164.946196937,318.817108154,80.491607666,9633,1626,7269,469,8,28,233,0,0,0,0,0,0,0,52783.1656596,749.960021973,34555.7070395,18631.0645373,29907.0635996,49932.0139473,9455.64193313,2116.30495819,7028.36922539,0.0,11450.0385727,25890.2264809,0.0,13.776226688694289,0.959999978542,0.118945806605,8.23999977112,165.861370363,390.0,66.0,Akatsi,Ghana,Volta,,District,0.074182,District,1.335436,GH.TV.AK,111,,87,9,GHA,,
111,34949724.2063,1440.30993652,1.30801530624,104.55830476940382,0.0,5405.27447428,1440.31994629,214.208872011,274.906982422,38.6027336121,12863,2530,6060,22,62,0,4189,0,0,0,0,0,0,0,119112.509174,1001.36993408,93420.5097033,68368.6915779,22130.4879542,48539.77847,2208.95880005,2086.38963474,7731.19847425,0.0,12138.4019644,35001.9638718,0.0,18.31112772396,5.02999999933,0.468731342298,10.8599996567,98.333733934,462.0,0.0,Ho,Ghana,Volta,,District,0.099199,District,1.560597,GH.TV.HO,112,,87,9,GHA,,
112,27103359.8597,1305.83996582,0.564298398911,119.73911877768732,0.0,5985.7270457,1305.73999023,207.363537776,274.906188965,63.161491394,11628,3632,5508,19,71,39,2359,0,0,0,0,0,0,0,151518.159402,909.400024414,127738.037417,91240.1321337,17342.502871,35454.3894107,0.0,1600.82986212,7027.27819579,0.0,11716.3600432,35275.1160994,0.0,19.947485111203633,2.99000006914,0.312296801671,10.1800003052,199.839303452,580.0,21.0,Hohoe,Ghana,Volta,,District,0.089768,District,1.833828,GH.TV.HH,113,,87,9,GHA,,
113,39982477.4194,1911.39013672,0.206762410556,124.6300681822443,0.0,6079.40766555,1736.30004883,113.344574073,207.564865112,55.5879058838,17077,4388,8496,88,31,2235,1836,0,1,0,0,0,2,0,198135.803288,1329.31005859,162789.391114,140650.203906,10165.6897807,37745.2868823,0.0,2729.03314093,11063.5344229,0.0,18647.0465594,41832.4431015,0.0,17.371668820664432,3.88999995589,0.288192241532,14.3999996185,270.573750134,620.0,148.0,Jasikan,Ghana,Volta,,District,0.131718,District,1.946923,GH.TV.JA,114,,87,9,GHA,,
114,23161231.7423,1183.08007812,0.0964056805403,121.76457217570785,0.0,6221.55603282,1183.10986328,72.0432538546,83.6582183838,22.079492569,10557,2481,3138,3,15,0,4920,0,0,0,0,0,0,0,220706.106809,823.150024414,198406.838386,172355.465794,22844.9853323,38496.1244625,4547.67992014,3182.16613859,8905.68,0.0,8844.85765821,22214.17668,0.0,15.063774618006324,0.0,0.0,8.97000026703,406.153562804,753.0,217.0,Kadjebi,Ghana,Volta,,District,0.081485,District,1.373808,GH.TV.KJ,115,,87,9,GHA,,
115,6557039.81453,541.229980469,0.959796335038,104.875,0.0,2623.68099328,521.229980469,308.567778444,318.817108154,140.643203735,4735,564,1087,640,335,444,1578,0,40,0,22,4,21,0,22801.7623445,378.200012207,10587.4866778,1106.02910621,10323.7391764,22801.7623445,1106.02910621,2085.14840731,6474.49491248,0.0,2764.33388341,11552.1111208,0.0,NA,0.159999996424,0.0662528271611,4.83000040054,196.261100292,390.0,120.0,Keta,Ghana,Volta,,District,0.036467,District,2.636208,GH.TV.KA,116,,87,9,GHA,,
116,25663559.7782,771.479980469,3.36380897412,90.90785694464128,0.0,3954.71672916,771.469970703,407.410684176,11084.46875,96.0444869995,6846,794,4560,408,184,373,68,0,40,0,46,0,373,0,32368.5216024,537.380004883,14384.471035,1105.7866846,14384.5386842,32368.5216024,1105.7866846,2101.20429363,8091.66262623,0.0,5016.39861704,16519.7353686,0.0,10.826091190110793,57.8399994951,12.5189255121,6.09000015259,196.672798583,409.0,116.0,Ketu,Ghana,Volta,Denu,District,0.05283,District,1.642399,GH.TV.KU,117,,87,9,GHA,,
117,20774987.8819,909.640014648,1.72146159603,111.90565160990599,0.0,5814.81543789,649.520019531,192.321728547,237.534866333,55.5879058838,8107,1331,2555,94,43,2901,1182,0,1,0,0,0,0,0,148585.158946,632.690002441,126070.994945,102781.909082,2503.52021251,13291.9377991,0.0,3370.86729134,12001.0648042,0.0,28507.7439378,43070.8208102,12141.4375899,21.860000610351562,0.0,0.00144441337622,6.91999959946,165.405210097,337.0,88.0,Kpandu,Ghana,Volta,Kpando,District,0.062584,District,1.116548,GH.TV.KP,118,,87,9,GHA,,
118,46006392.3476,2604.72998047,0.0272363588683,118.84819534032762,0.0,5206.39854049,1931.79003906,73.1320084008,79.2770462036,17.5182285309,23308,5281,2953,964,5,9410,4638,0,27,2,21,4,3,0,251289.733986,1810.94995117,211682.755932,176357.464579,2050.69754322,17109.7717466,0.0,6952.80695941,18177.3074089,0.0,37433.7693007,56006.5560204,18135.9136648,14.059291858656467,0.0,0.0,19.2299995422,312.199289848,567.0,212.0,Krachi East,Ghana,Volta,,District,0.179898,District,1.889205,,119,,87,9,GHA,,
119,40208227.6184,2713.22998047,0.0232343248337,105.91672825679518,0.0,4834.30590714,2292.27001953,74.7571669758,79.2770462036,17.5182285309,24262,6444,3864,4063,14,6238,3614,0,10,8,6,1,0,0,287773.611208,1885.94006348,256231.173206,211103.599087,3734.66015326,17262.7074334,0.0,4289.24433507,13937.8547178,0.0,70171.6439119,106548.87066,42929.6448631,23.504881470154494,2.0,0.0998586826238,20.0400009155,294.491146782,532.0,174.0,Krachi,Ghana,Volta,Kete-Krachi,District,0.187298,District,2.085942,GH.TV.KR,120,,87,9,GHA,,
120,88078628.8766,4885.90039062,0.0380713697432,100.28770476237017,0.0,5449.75139435,4876.43017578,47.9992442721,86.4071426392,21.9238834381,43790,15955,8165,1514,11,1351,16680,0,15,0,0,0,99,0,318029.428704,3396.04003906,266118.993266,218593.431739,15973.6746396,47428.0500556,0.0,5297.16838722,17811.36,0.0,19075.2247598,48373.6378159,0.0,16.449817027992854,0.0,0.0,35.530002594,548.576509576,1253.0,123.0,Nkwanta,Ghana,Volta,,District,0.337865,District,2.761972,GH.TV.NK,121,,87,9,GHA,,
121,52887669.1941,2125.14990234,0.417839697083,97.37879737409105,0.0,4492.33936309,2114.0,84.9458424784,306.215087891,43.5273017883,19004,3135,12798,1505,18,500,1026,0,13,0,0,4,5,0,62355.0707963,1477.34997559,43758.5057295,20136.9753924,10841.5886556,32640.1288006,0.0,1861.59001621,7028.43578499,0.0,34150.5868183,57623.4858373,14471.73,17.059453837975354,0.180000007153,0.0158238966819,15.8000001907,144.485344733,375.0,53.0,North Tongu,Ghana,Volta,Adidome,District,0.14668,District,1.790269,GH.TV.NT,122,,87,9,GHA,,
122,10127990.1699,579.570007324,0.323217123321,103.80112637339059,0.0,6027.56692652,465.039978027,156.691460718,271.713562012,38.6027336121,5135,501,2752,33,13,1508,327,0,0,0,1,0,0,0,103888.684008,403.400024414,89079.6375306,65434.0947791,3504.28292492,13305.9962807,0.0,2506.87640393,7836.26349387,0.0,44684.4763252,59028.1205631,27715.9621086,19.273474212415657,0.0,0.0,4.5700006485,109.437518759,266.0,27.0,South Dayi,Ghana,Volta,,District,0.039709,District,0.990303,,123,,87,9,GHA,,
123,18432336.9192,595.690002441,0.933523383491,104.875,0.0,5003.81107266,594.789978027,145.450124787,318.817108154,107.064476013,5291,777,3670,376,11,248,202,0,3,0,0,0,4,0,40075.56,414.75,23360.2665967,4452.84,6495.12112607,21180.3035627,0.0,2346.8698946,6458.91163592,0.0,15173.9770031,28579.7030049,0.0,13.977252598466402,0.629999991506,0.162426582966,4.68000030518,205.02298439,403.0,109.0,South Tongu,Ghana,Volta,Sogakope,District,0.040896,District,0.897195,GH.TV.ST,124,,87,9,GHA,,
124,18989971.456,675.510009766,2.84941073616,NA,0.0,4965.17897329,675.510009766,234.101048642,2658.24658203,60.5929336548,5973,830,4077,6,126,55,877,0,0,0,0,2,0,0,20037.9463531,470.240020752,7360.97092733,0.0,7360.95829023,20037.9463531,0.0,1521.74998058,5650.49256005,0.0,5556.37367491,18099.0023977,0.0,20.78548294650541,2.08000001311,0.41276143549,5.32999992371,157.881573414,406.0,4.0,Ahanta West,Ghana,Western,,District,0.046144,District,1.617267,GH.WP.AW,125,,87,10,GHA,,
125,55751137.4087,3477.93017578,0.119806827592,125.11404036040028,0.0,5748.33695067,3477.93017578,44.8505309497,103.671180725,19.3604660034,31103,991,17694,1,41,0,12376,0,0,0,0,0,0,0,122757.807594,2418.19970703,83676.7770471,37109.7328549,64239.0706,100286.779897,32240.5572937,2729.00120138,9122.02141761,0.0,15749.5644876,49058.9300946,0.0,15.501613396404979,0.019999999553,0.00544990474918,25.6999988556,364.529501338,708.0,139.0,Aowin-Suaman,Ghana,Western,,District,0.240128,District,2.714691,GH.WP.AS,126,,87,10,GHA,,
126,37597261.811,2187.89990234,0.0327258861772,100.20143549566743,0.0,6170.59860134,2187.89990234,56.5486726882,94.3690185547,53.1133918762,19580,401,14693,0,68,0,4418,0,0,0,0,0,0,0,214784.95324,1521.26989746,182204.246049,153170.724713,62510.8279716,88160.7059839,35463.9866274,2844.34882482,9996.25759404,0.0,16909.0158602,40741.8166663,0.0,20.702110877602813,0.0,0.0,16.2400016785,279.094228829,599.0,53.0,Bia,Ghana,Western,,District,0.151078,District,1.690201,,127,,87,10,GHA,,
127,34758951.5442,1094.90991211,0.928859010654,125.95488915024109,0.0,6541.90761677,1094.91992188,137.86914626,146.233459473,45.3811454773,9761,371,7648,22,160,0,1550,0,0,0,10,0,0,0,172822.020994,761.679992676,149810.723093,125911.721621,126357.277431,148722.379874,111957.661023,2518.27375742,10974.9670523,0.0,90997.526109,109009.947586,69098.7993723,19.266899689137677,1.46000003815,0.187748475765,8.36000061035,213.326318342,529.0,113.0,Bibiani Anhwiaso Bekwai,Ghana,Western,,District,0.075341,District,1.324926,GH.WP.BA,128,,87,10,GHA,,
128,26647054.2811,1633.97998047,0.416801327885,143.47745097862511,0.0,5027.0779166,1633.95996094,102.171312174,119.829452515,44.2210426331,14562,1410,2670,12,100,106,10256,0,0,0,0,8,0,0,50815.8370909,1137.09008789,19707.0918235,1113.21,19707.1119033,50815.8370909,1113.21,2364.69146631,8462.7454067,0.0,8661.81298335,26337.9314459,0.0,15.28608351408182,0.209999997169,0.025481026674,12.5599994659,320.960857251,701.0,191.0,Jomoro,Ghana,Western,,District,0.112321,District,2.349071,GH.WP.JO,129,,87,10,GHA,,
129,46525866.582,2966.74023438,0.02997321339,109.57473404429685,0.0,6191.80147945,2966.75,55.6489265456,145.907577515,44.2210426331,26556,502,18813,2,83,0,7156,0,0,0,0,0,0,0,176609.532099,2062.19995117,145134.292552,109889.359473,58147.9894108,95995.2141572,25895.4227545,2969.32491974,10445.5957548,0.0,27380.5927007,65442.7909149,0.0,24.61472958206024,1.0,0.0458462102998,21.8099994659,317.397230116,657.0,80.0,Juabeso,Ghana,Western,,District,0.204957,District,2.068805,,130,,87,10,GHA,,
130,43592940.0885,2429.95019531,0.592691400692,116.94308042475292,0.0,5609.60866556,2429.9699707,96.0939569674,2658.24658203,54.9806938171,21732,1985,13758,12,60,2,5915,0,0,0,0,0,0,0,69603.2200167,1689.69995117,33496.4254198,6477.50950126,33496.5155831,69603.2200167,6477.50950126,2172.83114338,8905.68,0.0,31367.9842273,67511.0285528,4583.7063395,18.359404345237085,0.589999973774,0.0372600353328,18.2600002289,154.66591962,588.0,40.0,Mpohor Wassa East,Ghana,Western,Mpohor Wassa,District,0.167554,District,2.265239,GH.WP.MW,131,,87,10,GHA,,
131,53777613.423,2638.93017578,0.400157648849,123.24466666666667,0.0,5226.3957719,2638.93994141,70.5380930108,103.671180725,45.3811454773,23617,4086,13252,21,95,33,6109,0,0,0,2,19,0,0,51248.4900415,1834.81005859,25547.82444,1113.21,25547.9403334,51248.4900415,1113.21,2158.18535033,7792.47,0.0,22412.8261826,48264.5239899,0.0,15.611684353983934,0.0,0.0,19.4400005341,244.875969845,641.0,122.0,Nzema East,Ghana,Western,Nzima East,District,0.182324,District,1.939158,GH.WP.NE,132,,87,10,GHA,,
132,53985545.2558,2920.51000977,0.296127717808,119.37126772637565,0.0,6092.84664778,2920.48999023,97.2891865294,146.233459473,44.2210426331,26158,400,17093,3,106,0,8556,0,0,0,0,0,0,0,169849.575675,2030.68994141,131111.898511,99441.0881729,87466.9346807,115762.706449,50853.8534524,2736.68740643,10974.9670523,0.0,53084.5982428,82067.8644843,16349.2085505,20.87750782109979,0.0,0.0,21.5299987793,293.323828827,688.0,147.0,Sefwi Wiawso,Ghana,Western,Sefei Wiaso|Sefwi Wiaso,District,0.201727,District,2.173932,GH.WP.SW,133,,87,10,GHA,,
133,74633394.2866,476.149993896,10.1911820089,114.50263157894737,0.0,4662.65645358,476.139984131,1368.55012963,2658.24658203,54.9806938171,4202,113,3031,16,700,39,286,0,0,0,0,17,0,0,20037.0365673,331.929992676,8077.43282894,0.0,8077.42148474,20037.0365673,0.0,1971.83044919,8008.10391498,0.0,6218.2056985,17954.1042399,0.0,19.29104601977329,1.58999991417,0.507557004749,4.02000045776,90.418363297,350.0,0.0,Shama Ahanta East,Ghana,Western,Shama Ahanta East Metropolitan Assembly,Metropolitan District,0.032384,Metropolitan District,1.407806,GH.WP.SA,134,,87,10,GHA,,
134,50922641.7876,1796.58996582,0.080154236217,112.42983688704227,0.0,6175.38849437,1796.58996582,63.2016001736,134.299072266,45.3811454773,16060,1264,11535,0,30,0,3231,0,0,0,0,0,0,0,121127.982679,1249.36010742,96924.5604994,66863.8883694,96924.5314531,121127.982679,66863.8883694,2219.86481412,9907.28240184,0.0,82668.100288,102237.317463,61501.9980357,15.03604380967986,0.0,0.0,13.4800004959,239.695683076,537.0,139.0,Wasa Amenfi East,Ghana,Western,,District,0.123897,District,1.618281,,135,,87,10,GHA,,
135,77142863.9502,3748.42993164,0.090702383224,117.4313492912112,0.0,6327.09478973,3748.43017578,48.8933704698,107.551147461,44.2210426331,33547,1961,24334,0,47,0,7205,0,0,0,0,0,0,0,137773.875782,2605.4699707,88722.8955383,45351.6798872,88343.1860591,137239.571172,45351.6798872,2413.43790209,8666.56404293,0.0,52901.7352452,96717.7197657,15062.7267944,13.981853271839103,1.98000001907,0.0726487314595,27.5400009155,284.362980952,621.0,144.0,Wasa Amenfi West,Ghana,Western,Wasa West,District,0.258819,District,2.736712,,136,,87,10,GHA,,
136,59463334.2302,3053.39990234,2.54327730981,118.24179739659229,0.0,5343.33247382,3053.37988281,86.2227721251,194.315414429,47.5505523682,27328,4257,16131,105,532,0,6296,0,0,0,7,0,0,0,85620.0620997,2123.22998047,51175.8867834,13557.0082889,51176.1525972,85620.0620997,13557.0082889,2274.31356196,9907.28240184,0.0,48978.7878513,82290.3359218,11970.1179348,14.548380931544223,0.0,0.0,22.4400024414,194.349962927,520.0,92.0,Wassa West,Ghana,Western,,District,0.210887,District,2.239078,GH.WP.WW,137,,87,10,GHA,,
